text,label,notes,source_type,source_url
That would get them to 2-7. I don't think they are better than Houston or Denver though.,hot_take,,news_or_other,https://www.reddit.com/r/nfl/comments/1wlvp2o/with_the_loss_to_the_las_vegas_raiders_this_is/pbnfuk5/
"That may be true, but it's actually great for our chances to win again this year. ""Eh you guys just got lucky"" is an incredible motivator, and repeating is much harder than winning the first one.",hot_take,motivator claim without evidence,news_or_other,https://www.reddit.com/r/nfl/comments/1wocw2m/the_seattle_seahawks_have_not_lost_a_game_by_more/pbnq3bz/
If Jameis Winston is the starting QB still... it's CANCUNN in 3 2 1!,reaction,,news_or_other,https://www.reddit.com/r/nfl/comments/1woic9m/schefter_giants_qb_jaxson_dart_is_out_for_the/pbnj4w7/
"I disagree. Players always want to play, its on ghe coaches and medical staff to tell them they cant",hot_take,,news_or_other,https://www.reddit.com/r/nfl/comments/1woczxq/florio_giants_qb_jaxson_dart_wanted_to_return_to/pbnoc5k/
"Wild that a panther fan is talking about falcons holding stock in a QB for too long lol. I mean I definitely agree that if penix is not at least a top 20 QB immediately it probably a sign we should cut and run, but if he’s at least as good as like Tyler Shough or Baker Mayfield it would be dumb to not stick with him right",analysis,threshold rule for sticking with Penix,news_or_other,https://www.reddit.com/r/nfl/comments/1woi1x2/highlight_panthers_formation_on_4th_and_goal/pbnim1e/
"Was about to say, isn’t this just the nature of the position? You get pin balled and passed back and forth and combo blocked because you’re rushing up the center of the line.",analysis,causal DT observation,news_or_other,https://www.reddit.com/r/nfl/comments/1wojqjl/highlight_every_aaron_donald_snap_in_his_first/pbnr548/
"I was so blown away that we got AJ Brown. And I loved every minute. So much that I resisted such talk last year as nonsense. But I see now…..it was in a bad place last year. Not TO-McNabb bad, but not good. And yeah, we don’t have the torches and pitchforks out for a coordinator since training camp this year as well. It’s a better feeling. Now they just need to figure out the offensive line and defensive stopping the run and the vibes can reach immaculate level. Lol",analysis,,news_or_other,https://www.reddit.com/r/nfl/comments/1woj2xs/highlight_brandon_graham_on_the_2026_eagles/pbnk8wo/
You never want to test O-Line depth and I trust the Seahawks staff more to put the best available player out there week after week than fans who see a flag and keep it in their memory forever,hot_take,,news_or_other,https://www.reddit.com/r/nfl/comments/1wohcah/musgrove_seahawks_to_place_rg_anthony_bradford_on/pbnlmfg/
This shit would be so fucking funny omg I would KILL to see Harry Kane kick for Jacksonville or some shit like that,reaction,,news_or_other,https://www.reddit.com/r/nfl/comments/1wodqsu/england_captain_harry_kane_eyes_combining_mls/pbngvk9/
The day the Empire was born. I don’t think anyone would imagine that the greatest player of all time would be a 6th round pick.,reaction,,news_or_other,https://www.reddit.com/r/nfl/comments/1woibj5/sacramento_bee_25th_anniversary_of_tom_brady/pbnc4yj/
A couple more years of watching football and you’ll learn that having to force the ball to any single player is horrible for an offense,analysis,,news_or_other,https://www.reddit.com/r/nfl/comments/1woj2xs/highlight_brandon_graham_on_the_2026_eagles/pbnlmw0/
"It seems like Rodger’s wants to run and play the passes he wants to make and isn’t willing to expand the field. Which is unfortunate because he still has some outstanding passes in some games. But he just isn’t stretching the field whether it’s him avoiding turnovers, his bad wr play or play calling.",analysis,,news_or_other,https://www.reddit.com/r/nfl/comments/1wogivk/highlight_anthony_barr_is_not_impressed_with/pbnpod3/
"I was so confused this year. Like all the Chiefs-haters were doing their best to find a way to justify the Chiefs as 3rd place again, and were pumping up the Chargers as a ""potential AFCW Division winner"".... and I was like ""the fuck? Youve watched football for long enough to know this won't hold up for the Chargers. You know better.""",hot_take,,news_or_other,https://www.reddit.com/r/nfl/comments/1wocnu0/highlight_kyle_brandt_gives_a_message_to_the_los/pbnpqml/
Man all I know is they took out stribling because he was feeling something in his leg and then put him back in the game where he then proceeded to get hurt in that same leg. Pisses me off that it may have been avoidable,reaction,anger at a specific injury sequence,news_or_other,https://www.reddit.com/r/nfl/comments/1wogegn/its_almost_week_3_and_the_49ers_are_already/pbnbzp0/
I know the quarterback is a load bearing position but you should really try to have a good enough backup that your season isn’t completely fucked if you lose your starter.,analysis,,news_or_other,https://www.reddit.com/r/nfl/comments/1woic9m/schefter_giants_qb_jaxson_dart_is_out_for_the/pbncgqf/
"I mean yeah but the player Aaron Donald was, was more impactful than the average player I’d say. My point is more about the rest of the defensive line the rams have. They are genuinely scary even without Myles",hot_take,,news_or_other,https://www.reddit.com/r/nfl/comments/1wojqjl/highlight_every_aaron_donald_snap_in_his_first/pbnlixg/
"> he's one of the best ball strikers of all time No shit, but when I see him attacking the net as a striker it doesn't really look anything like kicking a long field goal",analysis,,news_or_other,https://www.reddit.com/r/nfl/comments/1wodqsu/england_captain_harry_kane_eyes_combining_mls/pbngr4j/
"I would set the price at a first rounder in 2027. If anybody is dumb enough to take you up on it, they’re probably so poorly managed it’ll be a decent pick.",analysis,trade-value logic,news_or_other,https://www.reddit.com/r/nfl/comments/1woic9m/schefter_giants_qb_jaxson_dart_is_out_for_the/pbnltok/
"Even with the Eagles looking weaker, they're still gonna better than 7-10. And with how the rest of our schedule looks, I'm skeptical the Giants even finish with 5 wins this season with Jameis under center",hot_take,vague schedule prediction,news_or_other,https://www.reddit.com/r/nfl/comments/1woic9m/schefter_giants_qb_jaxson_dart_is_out_for_the/pbnfpo1/
"He was seen in the interview bragging about puffing his chest up, pumping his arms out and standing over payton, and then laughing that payton ""cowered and backed off."" But sure, macdonald is still th likeable one because...you don't like payton, so that made it ok? You don't have to like payton, but being consistent in your opinions would be nice. If it were the other way, you'd never let payton off the hook.",analysis,,news_or_other,https://www.reddit.com/r/nfl/comments/1wojbb3/seahawks_mike_macdonald_apologizes_to_broncos/pbnjxml/
"Yea, the QB who got them to the post season is gonna sit for Dart to start lmao.",hot_take,sarcastic broader QB evaluation,news_or_other,https://www.reddit.com/r/nfl/comments/1woic9m/schefter_giants_qb_jaxson_dart_is_out_for_the/pbneupq/
It seems like AJ was just making everybody’s life miserable in Philadelphia,hot_take,,news_or_other,https://www.reddit.com/r/nfl/comments/1woj2xs/highlight_brandon_graham_on_the_2026_eagles/pbnfyjt/
Giants are desperate. Time for chargers to trade Trey Lance for Nabers,hot_take,,news_or_other,https://www.reddit.com/r/nfl/comments/1woic9m/schefter_giants_qb_jaxson_dart_is_out_for_the/pbnd0b4/
One of the best rants up there with AI 'we talkin bout practice,reaction,,news_or_other,https://www.reddit.com/r/nfl/comments/1woic9m/schefter_giants_qb_jaxson_dart_is_out_for_the/pbnhf6y/
"I swear, the little brother syndrome so many of our fans have drives me absolutely nuts. The team subreddit is full of that crap. Even if the media was biased and doesn’t give us our due, so what? That banner we won last year is still gonna hang in the rafters, and if we win again this year we’ll put another one right next to it. Who cares if the national media would rather write about the Rams?",hot_take,,news_or_other,https://www.reddit.com/r/nfl/comments/1wocw2m/the_seattle_seahawks_have_not_lost_a_game_by_more/pbnh750/
"Top right should be labeled ""good *even* when it counts"" to better represent the data being presented",analysis,,ranking_or_prediction,https://www.reddit.com/r/nfl/comments/1wnk96g/official_rnfl_week_2_power_rankings/pbnqjhs/
Purdy was def getting frustrated at dropped passes or wrong routes the last two years. He never said anything publicly but you could see him getting annoyed or angry on the field.,hot_take,,news_or_other,https://www.reddit.com/r/nfl/comments/1woe7wy/highlight_brock_purdy_breaking_down_anticipation/pbnn8kc/
"I just don’t see any way that Spanos pays out to fire him. I feel like a lot of the criticism in the Spanos family as of late is undeserved - they went out and got the coach we all wanted and the OC we wanted, they have made active steps to put the best people possible (or so it seemed) in charge of this team - but he’s in year 3 of a 5 year deal. It’s next season at the earliest imo.",analysis,,news_or_other,https://www.reddit.com/r/nfl/comments/1wog3j5/jones_jim_harbaugh_drake_maye_among_those_under/pbnbz7f/
Some players are older but it was the same when the team was younger. We've brought in people who never had an injury history and get injured as soon as they join. This includes Pearsall and Strib. 49ers luck is just shit.,analysis,edge: anecdotal injury pattern vs luck framing,news_or_other,https://www.reddit.com/r/nfl/comments/1wogegn/its_almost_week_3_and_the_49ers_are_already/pbndcgz/
"Typically those don't get called on RBs. Right or wrong, I can't remember the last time I've ever seen a rb get that call",hot_take,,news_or_other,https://www.reddit.com/r/nfl/comments/1wo6yay/injury_possible_concussive_hit_on_bagent_near_end/pbnefi6/
"I have personally thought the Chargers have been one of the most over hyped teams for the last decade. Especially after Herbert came to town. I don't understand how people keep saying he is a top 10 QB. He has no accolades to back that up at all. People put him over guys like Purdy, Lawrence and Goff and I am just like huh? Are we watching the same games?",hot_take,edge: no-accolades line does not support top-10 rejection,news_or_other,https://www.reddit.com/r/nfl/comments/1wocnu0/highlight_kyle_brandt_gives_a_message_to_the_los/pbnnfib/
Bruh I saw Jalen doing random Eagles social media promo the other day and he has never once did that shit in his entire time here. I genuinely don’t know what him and AJ had going on but dude was 1000% a drag on the team.,hot_take,,news_or_other,https://www.reddit.com/r/nfl/comments/1woj2xs/highlight_brandon_graham_on_the_2026_eagles/pbnfwyl/
"I was gonna say, this has literally never been positive news in the history of Harbaughs ravens",reaction,,news_or_other,https://www.reddit.com/r/nfl/comments/1woic9m/schefter_giants_qb_jaxson_dart_is_out_for_the/pbnoxvm/
"So per Next Gen, his average get-off time on pass rush reps is the third quickest among all defensive lineman, behind only Myles Murphy and Boye Mafe, and right ahead of Jared Verse and Maxx Crosby. Still explosive, still strong as fuck. Unfortunately for the league, I think he is just a little rusty.",analysis,,news_or_other,https://www.reddit.com/r/nfl/comments/1wojqjl/highlight_every_aaron_donald_snap_in_his_first/pbnn3f7/
"it’s actually fascinating to now hear people talk about what we all knew was going on. mclane went from pointing the finger solely at jalen all year to in the offseason saying it was clear and obvious that KP was in over his head and bogged down the offense and jalen will be happy to finally have a real offensive brain (mannion) in the building. now imagine being the QB and dealing with nick and his bff running the offense, not giving you answers because they don’t have them, and every day you have your WR being cryptic cause regardless he wants the ball, the OL is hurt and not performing, the OL coach gets demoted/fired, hit pieces come out and say you’re uncoachable because you ask the coaches questions/reasons for certain plays, and everybody nationally is saying it’s all your fault because you’re too dumb to play the position. I would’ve told everybody to go to hell.",analysis,,news_or_other,https://www.reddit.com/r/nfl/comments/1woj2xs/highlight_brandon_graham_on_the_2026_eagles/pbniwvg/
"Couldn't have happened to a nicer guy either, just a real stand up individual with nothing but class and morals.",reaction,,news_or_other,https://www.reddit.com/r/nfl/comments/1woc8vf/rap_jaxson_darts_surgery_will_address_torn/pbn9x24/
"Because being a kicker in the NFL doesn't require transitioning into a completely different sport, you just kick. Brandon Aubrey is one of the best kickers in the NFL and he is a converted MLS player. Sure there's going to be a transition, he's not going to immediately be great kicking a ball he's unfamiliar with. But he doesn't need to learn the whole sport, just to kick.",analysis,,news_or_other,https://www.reddit.com/r/nfl/comments/1wodqsu/england_captain_harry_kane_eyes_combining_mls/pbnqgeh/
"Wait a minute, Sean Payton is Kevin James not Rob Schneider",reaction,,news_or_other,https://www.reddit.com/r/nfl/comments/1wojbb3/seahawks_mike_macdonald_apologizes_to_broncos/pbnmhh4/
I think most people assumed he wouldn’t be all-pro peak Aaron Donald. But Aaron Donald doesn’t need to play at his peak level to have an impact,analysis,,news_or_other,https://www.reddit.com/r/nfl/comments/1wojqjl/highlight_every_aaron_donald_snap_in_his_first/pbnp6ag/
I'm not the one trying to spin a 3 quarter game with a 3 touchdown margin of victory as a struggle.,analysis,,ranking_or_prediction,https://www.reddit.com/r/nfl/comments/1wo7bst/nfl_week_3_predictions_thread_2026_season/pbni10l/
"I played real Football and got my left fifth meta tarsal snapped in half by getting stepped on in a pile by 3/4” screw ins with metal tips. I was on crutches for half a school year because of surgery. I also can’t close my left hand all the way from getting my fourth metatarsal broken on a face mask. I played baseball as well and got spiked on the shin by metal more times than I can remember. So yeah when they get a plastic spike to the foot and they roll around for 30 seconds and then hop back up like nothing happened, I roll my eyes and know they’re not hurt and not tough. They’re trying to game the ref and nothing more. Or even the ghost spike in the box. My god they’re fucking soft.",hot_take,,news_or_other,https://www.reddit.com/r/nfl/comments/1wodqsu/england_captain_harry_kane_eyes_combining_mls/pbnlgbz/
This video made me realize how much fun it must be to be a pass rusher,reaction,,news_or_other,https://www.reddit.com/r/nfl/comments/1wojqjl/highlight_every_aaron_donald_snap_in_his_first/pbnq6zz/
Allen lovers are so obvious. The highest upvoted comment is saying how awesome the stat is for a qb,hot_take,,news_or_other,https://www.reddit.com/r/nfl/comments/1wnp3xs/josh_allen_entered_the_top_20_in_career_rushing/pbnjidp/
Man you cant be wearin no turtleneck in the *Mal-dives*,reaction,,news_or_other,https://www.reddit.com/r/nfl/comments/1woic9m/schefter_giants_qb_jaxson_dart_is_out_for_the/pbnk764/
"I’d shrug this off and call it wraps for the season and find other things to do with my time, but I fear my brain wants nothing more than to drag itself through what will be I’m sure a season of football for this team.",reaction,,news_or_other,https://www.reddit.com/r/nfl/comments/1wohk0r/schefter_more_giants_woes_olb_brian_burns_who_is/pbnewm2/
"If you don’t think 8 TDs in one year and 15 in two years buys you more chances than 5 games and 0 TDs in 3 years does, I don’t know what to tell you Also, you’re really focused on his year with the Redskins. It was not even close to his best year. It was the third best year of his career for games played, third best for carries, second for yards, third for TDs, third for receptions, third for receiving yards.. so it was his third best year.",analysis,,news_or_other,https://www.reddit.com/r/nfl/comments/1wo3l90/rapoport_panthers_rb_jonathan_brooks_who_left/pbnqut9/
\#40 had a very bad day. Poor guy looked so confused on several key plays (like Kittle's TD).,analysis,,news_or_other,https://www.reddit.com/r/nfl/comments/1woaq8p/brock_purdy_named_nfc_offensive_player_of_the_week/pbnq0t8/
Add it the list: Not a convicted Felon (yet),reaction,,news_or_other,https://www.reddit.com/r/nfl/comments/1wokd6j/lawyer_antonio_brown_to_avoid_prison_with_reduced/pbnq73o/
Meanwhile Hurts goest to two Superbowls and wins one and when he has a bad game he gets trashed. Meanwhile Herbert can perpetually underperform and he gets every single excuse.,analysis,,news_or_other,https://www.reddit.com/r/nfl/comments/1wocnu0/highlight_kyle_brandt_gives_a_message_to_the_los/pbnbk0v/
Well he helped them win a Super Bowl so it’s not that unexpected a ~~diva~~ WR would get an inflated ego after that,hot_take,,news_or_other,https://www.reddit.com/r/nfl/comments/1woj2xs/highlight_brandon_graham_on_the_2026_eagles/pbnojjp/
I can believe Mac getting a Malik Willis type contract but I’d be surprised if Lock gets one out of one game against a pretty bad Cardinals defense.,analysis,,news_or_other,https://www.reddit.com/r/nfl/comments/1woj0jg/seahawks_darnold_on_a_good_track_to_play_vs/pbnnlwy/
The announcer said that Lewis hitting Elway in the head with his forearm was the problem. Like naw dude the problem was that he hit elways 5 seconds after he threw the ball. Could've been a perfectly clean hit in normal circumstances but it's always gonna be RTP when it's that late,analysis,,news_or_other,https://www.reddit.com/r/nfl/comments/1wohp2p/highlight_mo_lewis_drills_john_elway_on_a_late/pbnbm6h/
"God I remember that. I think they hired both an OC and DC before hiring a head coach, and then Jim Fassel’s name got thrown around publicly and the city almost burned again like it was 1812 so they aborted and made Zorn the HC.",analysis,,news_or_other,https://www.reddit.com/r/nfl/comments/1wodpf6/in_2009_washington_brought_in_sherman_lewis_who/pbnk2d6/
I'm not an expert but surely even if he is a world class soccer player (maybe the best atm) how would that translate in transitioning to a completely different sport that you have no experience with. I don't think he has a chance.,hot_take,edge: no-chance claim bigger than the evidence,news_or_other,https://www.reddit.com/r/nfl/comments/1wodqsu/england_captain_harry_kane_eyes_combining_mls/pbnm59a/
"They’d only consider it if the price was right. And by right, I mean *exorbitant.*",hot_take,,news_or_other,https://www.reddit.com/r/nfl/comments/1woic9m/schefter_giants_qb_jaxson_dart_is_out_for_the/pbnf3ev/
"So, he's out for the year. Hopefully he has a great recovery and is ready for next season. The Giants looked good in Week 1 and, before Dart went out, it seemed like they had the advantage over LAR.",reaction,edge: recovery hope plus a brief game note,news_or_other,https://www.reddit.com/r/nfl/comments/1woic9m/schefter_giants_qb_jaxson_dart_is_out_for_the/pbnjfnw/
Big Dick Nick vs Big Cock Lock. Battle of the Century.,reaction,,news_or_other,https://www.reddit.com/r/nfl/comments/1woic9m/schefter_giants_qb_jaxson_dart_is_out_for_the/pbneqr7/
"This is what’s so hard about being a Charger’s fan. For the past 10-15 years they’ve played to the level of their opponent, good or bad, so the close losses or wins against top teams make us think they might still be good",analysis,,news_or_other,https://www.reddit.com/r/nfl/comments/1wocnu0/highlight_kyle_brandt_gives_a_message_to_the_los/pbnceef/
"Hopefully we get these players back around the playoffs. Stribling, Kirk, Robinson, West, Mykel Williams, and about 6 other depth guys are not expected to miss the year. Most are around 6-8 weeks. My thought is we may drop a couple, but as long as Brock is there, we should be okay to *get* to the playoffs. We will need healthy players and especially our core (Kittle, CMC, Evans, Fred, Bosa, Dre, Trent) for the postseason run. We saw what happened in Seattle when we were down Kittle, Fred, Bosa, and didn’t have any WRs. We likely won’t collapse and will be able to at least make a good run.",analysis,,news_or_other,https://www.reddit.com/r/nfl/comments/1wofhtf/maiocco_49ers_place_dt_cj_west_on_injured_reserve/pbnd4q3/
"It goes against player interest to dramatically expand roster size without also simultaneously expanding the salary cap. If you leave the cap at current levels but add players to the roster, that’s the same possible salary pool divided amongst more players, basically lowering average salaries across the league. The math doesn’t work out for them.",analysis,,news_or_other,https://www.reddit.com/r/nfl/comments/1wogegn/its_almost_week_3_and_the_49ers_are_already/pbnccle/
Am I crazy or have there just been WAYYYY more injuries in the last like 5 years than in the past? Literally every single week someone is getting a season ending injury I don’t get it,hot_take,,news_or_other,https://www.reddit.com/r/nfl/comments/1wo9xvq/giants_qb_jaxson_dart_is_expected_to_have_knee/pbnl78f/
"He shouldn't have even been in the game down 22 points with less than 6 mins remaining, and you already lost your QB to a devastating injury. I just don't understand why they didn't throw in the white flag, and now it's cost them their best defender.",analysis,,news_or_other,https://www.reddit.com/r/nfl/comments/1wohk0r/schefter_more_giants_woes_olb_brian_burns_who_is/pbnb50c/
"Um better pedigree than a 6th year journeyman on his 5th team, that mostly plays special teams. Why is this an argument? Its Deejay Dallas bro, relax. Honestly neither of us know shit, my opinion is Claiborne gets some run as early down back if Jones is out unless he fucks up one or 2 pass protections. Dallas 3rd down and special teams, Ford to cover if the rookie sucks. By next week we will all be wrong anyway.",analysis,,news_or_other,https://www.reddit.com/r/nfl/comments/1wofwei/vikings_rb_aaron_jones_working_through_knee_injury/pbnbata/
"Haha well, there might be some truth to it. Each team is not only projecting where they think a player should go but where they think other teams would be likely to pick a player. 49ers were high on Purdy, for example, but knew no one was going to draft him and could afford to wait. And even back when Montana was drafted, they were high on him, but Coach Walsh made some calls to his friends on other teams and sneakily asked about ""that kid from Notre Dame."" That knowledge let them wait until the 3rd round to draft him, despite thinking he should be drafted much sooner.",analysis,,news_or_other,https://www.reddit.com/r/nfl/comments/1woh1dl/highlight_a_lot_of_people_dont_believe_in_you_it/pbnbumz/
"There are different kinds of 0-2 starts. There's the kind like when the Giants started 0-2 and went on to beat the previously undefeated Patriots in the Super Bowl, and there's the kind like when the Lions went 0-2 and finished 0-16. Don't be a doomer and think it has to be the latter. That's what Dean Spanos wants. You're playing right into his hands by being all gloomy.",analysis,,news_or_other,https://www.reddit.com/r/nfl/comments/1wo6ye9/water_cooler_wednesday/pbnomvf/
"I was never terribly confident lol. My dream of us winning the division was dependent more on the rest of the division looking worse than they did last year, while we made a small jump with better QB play. The QB situation is as shaky as it could be, and the 2 wins would be losses without a lot of things panning out pretty well. I don’t feel the Vikings are better than either of the teams they beat.",analysis,,news_or_other,https://www.reddit.com/r/nfl/comments/1wo6yay/injury_possible_concussive_hit_on_bagent_near_end/pbng5hq/
"Still looks good to me. Not All-Pro or Pro Bowl level, but definitely still a good player. Does a good job eating up double teams, puts offensive linemen on different levels in the run game and on pass rush stunts, collapses the pocket, sheds blocks. These are all things you want your DT's to do. He's just not a gamewrecker like he used to be.",analysis,,news_or_other,https://www.reddit.com/r/nfl/comments/1wojqjl/highlight_every_aaron_donald_snap_in_his_first/pbnpuzg/
"We could call it the Championship Tournament Europe, or CTE for short.",reaction,,news_or_other,https://www.reddit.com/r/nfl/comments/1wodqsu/england_captain_harry_kane_eyes_combining_mls/pbnilnz/
Yeah I wouldn't be surprised at all to see him land in Minny. Shit the last time they took a Shanahan backup reclamation project QB they went 14-3 lmao,hot_take,one precedent used for effect,news_or_other,https://www.reddit.com/r/nfl/comments/1woj0jg/seahawks_darnold_on_a_good_track_to_play_vs/pbnhqd3/
"Tbf, our D-line, Benford and Bishop were basically all our good players to begin with last year. Sure, we had hopes for Hairston/Ig, but besides Bernard who has been fine, the rest are replacement level starters at best.",analysis,,news_or_other,https://www.reddit.com/r/nfl/comments/1woad07/josh_allen_named_afc_offensive_player_of_the_week/pbni8na/
I think it's bs. All these internet tough guys have no idea what he was feeling. People don't understand that pain is a subjective perception of the brain that is highly variable between people.,analysis,,news_or_other,https://www.reddit.com/r/nfl/comments/1woczxq/florio_giants_qb_jaxson_dart_wanted_to_return_to/pbnpngi/
"Yeah… It’s also still surreal that Belichick kept going back to Brady that year even when Bledsoe got healthy and was cleared to play again, after what happened in the Tuck Rule, and then the AFCCG that year. Like they had so many chances to go back to Bledsoe that year, but Belichick chose not to… (I say this as someone who wanted Bledsoe to start the AFCCG that year and then the SB after Brady got hurt early in the AFCCG).",analysis,,news_or_other,https://www.reddit.com/r/nfl/comments/1wo5bmz/highlight_on_this_day_25_years_ago_one_of_the/pbnabn8/
"Who knows, by that point maybe Sean will have called the Cardinals an irrelevant franchise or something else that everyone thinks but isn’t “proper” for a coach to say so that’ll be all the focus.",reaction,,news_or_other,https://www.reddit.com/r/nfl/comments/1wojbb3/seahawks_mike_macdonald_apologizes_to_broncos/pbnqhbh/
"I hate to trade him, but I just feel so awful for Dart. I’d be willing to trade JJM for whatever the giants are willing to offer.",hot_take,,news_or_other,https://www.reddit.com/r/nfl/comments/1woic9m/schefter_giants_qb_jaxson_dart_is_out_for_the/pbni2px/
"I genuinely have no idea how that matchup plays out. Pressure matters way more because we’re so much shallower at WR than when we built our offense to spite Flores specifically, but we also may just displace you in the run game.",analysis,,news_or_other,https://www.reddit.com/r/nfl/comments/1wnjhxm/highlight_flo_on_blitz_percentages/pbnc57k/
"I hope Jackson, Allen, and Mahomes can take care of their bodies, because damn is football fun when they are healthy",reaction,,news_or_other,https://www.reddit.com/r/nfl/comments/1woc8vf/rap_jaxson_darts_surgery_will_address_torn/pbndvq8/
U think ppl would learn from Niners and hawks that backup QBs are most important thing to have on roster,hot_take,,news_or_other,https://www.reddit.com/r/nfl/comments/1woic9m/schefter_giants_qb_jaxson_dart_is_out_for_the/pbna7p2/
"His speed stood out to me more than anything. His bull rush was obviously good, but most people who can bull rush like that don't have the quickness of Donald. He definitely didn't look like he used to (at least not yet) but he's obviously still quite athletic",analysis,,news_or_other,https://www.reddit.com/r/nfl/comments/1wojqjl/highlight_every_aaron_donald_snap_in_his_first/pbnocgz/
"You missed Roush selling on 5 or 6 different snaps where he was fed the ball and dropped it, committed penalties that negated an explosive play, or given a blocking assignment that he spectacularly failed. I would argue he was a bigger factor in the offense's missed opportunities than Bradbury",analysis,,news_or_other,https://www.reddit.com/r/nfl/comments/1wo6yay/injury_possible_concussive_hit_on_bagent_near_end/pbnjk2g/
It was also pouring rain and that makes helmets fly off more,analysis,,news_or_other,https://www.reddit.com/r/nfl/comments/1wo6yay/injury_possible_concussive_hit_on_bagent_near_end/pbnfmco/
"I think they meant ""Post Season"" and not ""Postseason"", simple grammatical error as their is no way they can in hell think they had hopes to get to the playoffs.",hot_take,,news_or_other,https://www.reddit.com/r/nfl/comments/1woic9m/schefter_giants_qb_jaxson_dart_is_out_for_the/pbnffvz/
"at the rate things have been going for Jim this season, and the upcoming Chargers' schedule, I don't think he's all that much less of an if",hot_take,,news_or_other,https://www.reddit.com/r/nfl/comments/1woic9m/schefter_giants_qb_jaxson_dart_is_out_for_the/pbnaegi/
"And if you ignore all the bad teams, they’re actually winless since 2024",hot_take,,news_or_other,https://www.reddit.com/r/nfl/comments/1wocw2m/the_seattle_seahawks_have_not_lost_a_game_by_more/pbnpgwq/
"A soccer pitch is 60 yards wide, and the whole pitch is used. Attacking players will regularly be hitting passes 40 to 50 yards to the other side of the pitch. Where they'll usually be trying to hit a teammate in stride.",analysis,,news_or_other,https://www.reddit.com/r/nfl/comments/1wodqsu/england_captain_harry_kane_eyes_combining_mls/pbnlarp/
I will never understand people feeling the need to apologize for vocalizing things that happened. Sean Peyton can't shut his cry baby ass all the way the fuck up.,reaction,,news_or_other,https://www.reddit.com/r/nfl/comments/1wojbb3/seahawks_mike_macdonald_apologizes_to_broncos/pbnkwpa/
"Its not just length, he had 11 pro bowls and 4 all pro seasons, including a 110 catch season for witten tied with Kelces best season. In 2012 on a Tony Romo off-year instead of MVP Patrick Mahomes.",analysis,,news_or_other,https://www.reddit.com/r/nfl/comments/1woauxg/travis_kelce_is_just_3_receptions_away_from/pbnj1sq/
"as a 49ers fan, if this is what he gives them then I'll be grateful they traded for garrett, got rid of verse and brought in Donald. he'll get better as the year goes on though (I think)",hot_take,,news_or_other,https://www.reddit.com/r/nfl/comments/1wojqjl/highlight_every_aaron_donald_snap_in_his_first/pbnomjo/
I've nothing really against kane but part of me would find any 'roughing the kicker' penalty on him hilarious.,reaction,,news_or_other,https://www.reddit.com/r/nfl/comments/1wodqsu/england_captain_harry_kane_eyes_combining_mls/pbnau98/
"ZBB at 100% is a huge loss. ZBB at whatever percent he was trying to play at is still a loss, but not irreplaceable. The question is whether Belton can be that replacement.",analysis,,news_or_other,https://www.reddit.com/r/nfl/comments/1wohm22/packers_final_injury_report_for_wk3_vs_falcons_dt/pbnb5fz/
20% is still an exaggeration it's probably closer to 5% ... maybe the receiver can bail out my terrible throw since he's so open!,hot_take,,news_or_other,https://www.reddit.com/r/nfl/comments/1woi1x2/highlight_panthers_formation_on_4th_and_goal/pbnprf9/
Wait 8 months for the season to begin and then you look good in your first game only for it all to be taken away the next week. Being a sports fan is sickening sometimes,reaction,,news_or_other,https://www.reddit.com/r/nfl/comments/1woic9m/schefter_giants_qb_jaxson_dart_is_out_for_the/pbnaric/
"I really like the kid, I do.. But he grew up with money, and when he was 18 through college won the lottery with some NIL and then went 1st overall and became multi millionaire. I might as well get dating advice from Ryan Gosling",hot_take,,news_or_other,https://www.reddit.com/r/nfl/comments/1wojo0k/highlight_raiders_qb_fernando_mendoza_posts_and/pbnpk2a/
"If you think there's not a gray area of ""good enough, but not healthy"" then I don't know what to tell you. If one week is ""good enough"" against a bad opponent and the next week is ""healthy"" they're not gonna rush it and put their starting QB at risk. Penix was medically cleared in the offseason, but didn't feel like he was there until a few days ago. Mike Evans has a mild hip injury and exited the game against Miami, but said ""if it was closer I would've been fine to keep playing."" You don't know what you're talking about.",analysis,,news_or_other,https://www.reddit.com/r/nfl/comments/1woj0jg/seahawks_darnold_on_a_good_track_to_play_vs/pbnmyrf/
"Big Cat talked about that recently. As a team they want to be a boa constrictor, squeezing teams tighter and tighter all game until they’re forced to give up",analysis,,news_or_other,https://www.reddit.com/r/nfl/comments/1wocw2m/the_seattle_seahawks_have_not_lost_a_game_by_more/pbnikd2/
"If Mendoza did anti-gambling videos, I’d buy his Jersey and wear it in downtown Denver.",reaction,,news_or_other,https://www.reddit.com/r/nfl/comments/1wojo0k/highlight_raiders_qb_fernando_mendoza_posts_and/pbnpx9i/
"Is he? He had 7/32 snaps for a 22% double team rate. Last year Garrett was double teamed 76% of the time, Watt was 67%, Chris Jones 63%, Jeffery Simmons 67%, Calais Campbell 67%. So compared to his peers who generate 3x the amount of double teams I don't think it's accurate to say he's ""drawing a ton of attention.""",analysis,,news_or_other,https://www.reddit.com/r/nfl/comments/1wojqjl/highlight_every_aaron_donald_snap_in_his_first/pbnozgd/
"> The metric is using division/conference futures to rank each team. It is using near-term future game lines plus playoff/division/conference/#1 seed/Super Bowl futures to rank teams. To that point, the Packers are currently +2500 to win the Super Bowl versus the Vikings at +2800 and the Bears at +3000.",analysis,,news_or_other,https://www.reddit.com/r/nfl/comments/1woe5ow/ben_baldwin_the_nfc_west_is_very_good_nfl_team/pbnjpzq/
That's not how it gets used at all tho is the thing lmao,hot_take,,news_or_other,https://www.reddit.com/r/nfl/comments/1woic9m/schefter_giants_qb_jaxson_dart_is_out_for_the/pbnclib/
"If the Giants make the playoffs, I’m 100% confident you’re going to be super comfortable with whatever QB got you there lol",hot_take,,news_or_other,https://www.reddit.com/r/nfl/comments/1woic9m/schefter_giants_qb_jaxson_dart_is_out_for_the/pbn9ypi/
"Ok this is actually a pretty good breakdown it starts with a basic explanation of what cover six is, kind of touches on cloud coverage, what variations of this coverage do and the effect cloud has and why this is particularly damning for the Patriots offense. It’s not 100% aligned with my observation but it is damn close https://youtu.be/EJr8JQqcch0",analysis,,news_or_other,https://www.reddit.com/r/nfl/comments/1wog3j5/jones_jim_harbaugh_drake_maye_among_those_under/pbnfrlg/
Not blowing through the doubles like he used to but drawing them is still big. Ideally he continues to improve a bit as well,analysis,,news_or_other,https://www.reddit.com/r/nfl/comments/1wojqjl/highlight_every_aaron_donald_snap_in_his_first/pbnlsaj/
"I had a badly sprained MCL years ago and didn’t get the surgery. It bothered me for a couple of years off and on where it felt like my knee was loose, like the joint was pulling apart. He just needs to have the surgery and get it fixed properly.",hot_take,anecdote does not support the medical claim,news_or_other,https://www.reddit.com/r/nfl/comments/1wo9xvq/giants_qb_jaxson_dart_is_expected_to_have_knee/pbngms3/
Wait a minute King...THATS ARCH MANNINGS MUSIC,reaction,,news_or_other,https://www.reddit.com/r/nfl/comments/1woic9m/schefter_giants_qb_jaxson_dart_is_out_for_the/pbnd4yu/
I heard he also doesn't return his shopping cart. Character concerns abound.,reaction,,news_or_other,https://www.reddit.com/r/nfl/comments/1woi1x2/highlight_panthers_formation_on_4th_and_goal/pbne261/
Chase has bitched to the media about targets plenty of times and wasn't in a prehistoric passing offense centered around pushing their QB's ass and running hitch routes. So if Chase did that imagine what he would do in AJB place.. Star WRs bitching about targets is nothing new. We just pretend it is because AJ bad.,analysis,,news_or_other,https://www.reddit.com/r/nfl/comments/1woj2xs/highlight_brandon_graham_on_the_2026_eagles/pbnovo3/
"He's fine 90% of the time. The problem is the same problem CB's have. They can be great so often, but every time they fuck up it's verrrrrrrry noticeable and going to get clowned on. He'll never be amazing, and he's infinitely better then he was at this time last year, but we're better off with him in the short term. Long term, this could be a good move. Beau Stephens is very promising for a rookie, and Bradford is gone after this season since we can't afford him. Getting a trial run on our RG of the future these next few weeks.",analysis,,news_or_other,https://www.reddit.com/r/nfl/comments/1wohcah/musgrove_seahawks_to_place_rg_anthony_bradford_on/pbnlsl3/
I still might argue the IDEAL outcome is Penix going crazy and staying healthy but that’s like less likely to happen than when the bears were hoping fields would turn it around.,hot_take,,news_or_other,https://www.reddit.com/r/nfl/comments/1woi1x2/highlight_panthers_formation_on_4th_and_goal/pbnbjie/
"Kyle Hamilton played in that game too, does that mean his presence doesn't help our defense?",analysis,,news_or_other,https://www.reddit.com/r/nfl/comments/1woik88/ravens_dl_nnamdi_madubuike_a_full_practice/pbne88h/
"I've never been a fan of this argument. Im not saying it doesn't happen (see Kurt Warner), but if a backup is good enough to be a starter, He's not going to be a backup. Half the league is starved for even decent QB play that they would jump on the chance of a legit starter to be simply average instead of trotting guys like Geno Smith and Jamie's Winston out there over and over.",analysis,,news_or_other,https://www.reddit.com/r/nfl/comments/1woic9m/schefter_giants_qb_jaxson_dart_is_out_for_the/pbnhxjc/
Imagine if they sign a free agent QB like Jimmy Garoppolo and sneak into the playoffs right in time for Dart to return.,reaction,,news_or_other,https://www.reddit.com/r/nfl/comments/1woic9m/schefter_giants_qb_jaxson_dart_is_out_for_the/pbnak1u/
"Yeah and in the entire thread there is the highest upvoter comment is saying how brilliant it is what Allen did to get to his rushing td amount, then there are people saying Hurts will get run down soon by Allen on the per game rate, theres people saying about the distance Hurts td's are from etc, i said it because i was talking about this sports fandom thing where people pick and choose the statistics they are willing to respect and then for another player they will downplay it",hot_take,,news_or_other,https://www.reddit.com/r/nfl/comments/1wnp3xs/josh_allen_entered_the_top_20_in_career_rushing/pbnifup/
Dude probably just told him that to convince him to get the surgery instead of try to play next week.,hot_take,,news_or_other,https://www.reddit.com/r/nfl/comments/1woic9m/schefter_giants_qb_jaxson_dart_is_out_for_the/pbnajiv/
Yah he had some NFL talent on his team too. But also covid scouting and his physical attributes didn’t scream draft worthy,hot_take,,news_or_other,https://www.reddit.com/r/nfl/comments/1woe7wy/highlight_brock_purdy_breaking_down_anticipation/pbndkug/
"Super diva WR shit baby. Why juke out a punter and score a TD when you can try to put a sick highlight on tape, fail, not score, and get your team penalized instead?",reaction,,news_or_other,https://www.reddit.com/r/nfl/comments/1wodqsu/england_captain_harry_kane_eyes_combining_mls/pbnercq/
"If they make it to the playoffs, they're probably riding with whatever miracle QB they found to get them there. It's not like Dart has proven he's that guy you always take over the hot hand",analysis,,news_or_other,https://www.reddit.com/r/nfl/comments/1woic9m/schefter_giants_qb_jaxson_dart_is_out_for_the/pbnbm37/
I know I'm a vikings fan but you're out of your mind dude. Go frame by frame the ball is just leaving Bagent's hand as Gink starts to leave his feet.,analysis,,news_or_other,https://www.reddit.com/r/nfl/comments/1wo6yay/injury_possible_concussive_hit_on_bagent_near_end/pbnlig9/
The shine is coming off this kid at a rapid pace.,hot_take,,news_or_other,https://www.reddit.com/r/nfl/comments/1wojo0k/highlight_raiders_qb_fernando_mendoza_posts_and/pbnq4v4/
"It's getting more coverage than Tony did, that's for sure",reaction,,news_or_other,https://www.reddit.com/r/nfl/comments/1woejjg/highlight_davante_adams_flexes_his_unlimited_taco/pbnf0wb/
"""buh buh but...the stats say he hazzz the most comebackzzzz"". Lamest stat there is, so what, he led his team back for his kicker to finish the job a few times. Dude rarely performs under pressure, if ever, and has the most excuses granted for his shitty play.",hot_take,,news_or_other,https://www.reddit.com/r/nfl/comments/1wocnu0/highlight_kyle_brandt_gives_a_message_to_the_los/pbnpskv/
Everyone wants to think they're Josh Allen when they're closer to Jayden Daniels,hot_take,,news_or_other,https://www.reddit.com/r/nfl/comments/1woc8vf/rap_jaxson_darts_surgery_will_address_torn/pbnbby5/
Allen and the Bills’ offense pre-Brady basically developed in the pressure cooker of the Flores/Martindale zero blitz.,analysis,,news_or_other,https://www.reddit.com/r/nfl/comments/1wnjhxm/highlight_flo_on_blitz_percentages/pbnb3ek/
"I didn’t make the post 🤷🏻‍♂️ It’s extra arbitrary because the date changes every year, I think it’s like the 4th Thursday of November or something.",analysis,edge: thin but the moving date is the reason,news_or_other,https://www.reddit.com/r/nfl/comments/1woctg2/since_thanksgiving_2025_there_have_only_been_two/pbnbu9w/
"So not only in your magical if scenario we are taking away the fact that he got injured, we're taking it away the fact that the play failed. So double ifs If ifs and buts were cherries and nuts..... The reality is you didn't score on that play.",analysis,,news_or_other,https://www.reddit.com/r/nfl/comments/1wnt37s/stick_to_the_model_which_qbs_actually_get_better/pbnmig6/
We’re in a similar boat with Johnson Gordon and Dayo (motivated),hot_take,,news_or_other,https://www.reddit.com/r/nfl/comments/1wohm22/packers_final_injury_report_for_wk3_vs_falcons_dt/pbnf6rp/
To be fair that is a legitimate take. The C generally does not have a 1-1 responsibility in a 4 man rush so hes going to help a Guard. In the same breath Donald also gets that treatment more than his peers which is what really youd judge by But in isolation a 4 man rush almost always is it a DT getting a true double team. Edges could too hut they can reduce that by widening out on some level,analysis,,news_or_other,https://www.reddit.com/r/nfl/comments/1wojqjl/highlight_every_aaron_donald_snap_in_his_first/pbnp9s1/
This sounds like one of those posts that will not curse them to lose by 9 this week just so it isn't 1 score.,reaction,,news_or_other,https://www.reddit.com/r/nfl/comments/1wocw2m/the_seattle_seahawks_have_not_lost_a_game_by_more/pbnhh0e/
I hear Atlanta has a surplus of capable quarterbacks!,reaction,,news_or_other,https://www.reddit.com/r/nfl/comments/1woic9m/schefter_giants_qb_jaxson_dart_is_out_for_the/pbnhh6z/
"I'm of the opinion that he's going to be a very good player this year and I want to get that out of the way. That said, if you watch the tape given, it's not bias to say that most of the plays where he wound up with multiple blockers on him were just shifts in coverage. In general there's more down lineman than there are defensive lineman, and as a play develops things shift. Just watch the video, most of the time he starts with a 1 on 1 and when there's another blocker present, it's because of where the play is going.",analysis,,news_or_other,https://www.reddit.com/r/nfl/comments/1wojqjl/highlight_every_aaron_donald_snap_in_his_first/pbnptfa/
IMO Purdy’s draft stock suffered because literally every team was trying to hit the next Mahomes/Josh Allen QB with a rocket arm. So many guys in that period were getting drafted in he first round just because of a good combine or pro day. Purdy had so much tape from ISU but it never showed a good arm.,analysis,,news_or_other,https://www.reddit.com/r/nfl/comments/1woe7wy/highlight_brock_purdy_breaking_down_anticipation/pbnedj1/
Love a good finance lecture from a millionaire frat boy,reaction,,news_or_other,https://www.reddit.com/r/nfl/comments/1wojo0k/highlight_raiders_qb_fernando_mendoza_posts_and/pbnkv9w/
"I think Penix sucks, and anything he shows you only risks a commitment you don't want. You guys talk a lot about how much it sucks to constantly spin your wheels because you go on these late, meaningless season runs that don't get you to playoff contention but knock you out of a great pick. Well, that's the future I envision for Penix, if I'm being real here.",hot_take,edge: Penix sucks plus an envisioned future,news_or_other,https://www.reddit.com/r/nfl/comments/1woi1x2/highlight_panthers_formation_on_4th_and_goal/pbnc5x8/
All DTs get double teamed. He got double teamed less than the average DT. He looked good for the context but goddamn does no one watch DTs play?,analysis,,news_or_other,https://www.reddit.com/r/nfl/comments/1wojqjl/highlight_every_aaron_donald_snap_in_his_first/pbnqogm/
"Unironically. Kind of like in 2022 when Derrick Henry managed to make it back in time for our divisional round game against the Bengals after being out injured for most of the year. But during the divisional round game, D’Onta Foreman actually looked better than Henry. Probably because Henry was rusty. I feel like we have a better chance during that game if Foreman was getting the majority of the carries.",analysis,,news_or_other,https://www.reddit.com/r/nfl/comments/1woic9m/schefter_giants_qb_jaxson_dart_is_out_for_the/pbni8bi/
They’ll keep teasing him potentially coming back “sooner than expected” for engagement like the year Rogers tore his Achilles,hot_take,,news_or_other,https://www.reddit.com/r/nfl/comments/1woic9m/schefter_giants_qb_jaxson_dart_is_out_for_the/pbngno4/
"Okay so your point is the cheating didn’t help them win the championship. There were games they cheated in, that they won due to cheating, that helped me get into the playoff. So clearly the cheating did help them “win” the championship. You’re a dumb ass if you think otherwise.",analysis,,news_or_other,https://www.reddit.com/r/nfl/comments/1wog3j5/jones_jim_harbaugh_drake_maye_among_those_under/pbnccre/
"Yeah, probably. I mean a great story would be that he went on to lead a team to a Lombardi but what are the chances of that? Silly thought...",reaction,,news_or_other,https://www.reddit.com/r/nfl/comments/1woj0jg/seahawks_darnold_on_a_good_track_to_play_vs/pbnjz86/
"Of course. Because it will cycle out with all the social media nuts, but the ember will remain. And all media has to do in a few weeks is give it a few blows and the inferno will light back up.",hot_take,,news_or_other,https://www.reddit.com/r/nfl/comments/1wojbb3/seahawks_mike_macdonald_apologizes_to_broncos/pbnjm8f/
"Wow. I never would have guessed that giving Pierce the largest free agent WR contract in NFL history would turn out poorly. Then I see comments about how the Colts trading for Marvin Harrison Jr. Literally the last thing the Colts need to do is trade a pick (thought it would be a conditional 6th or 7th, if Harrison even has a trade value) to get another bad receiver. I get his daddy was a GREAT Colt. All-timer. The Bulls never signed Marcus Jordan. Lakers probably wouldn't go after EJ. Giants aren't gonna sign Chris Simms now that Dart is out for the season. I am as about as surprised as anybody. I thought MHJ was a can't-miss prospect coming out of college. But, man. He just sucks in the NFL. The Colts could use WR help, but so could the Cardinals. Harrison has one catch through two games.",analysis,edge: one stat plus a strong suck claim,news_or_other,https://www.reddit.com/r/nfl/comments/1wo99qt/meirov_the_colts_are_placing_wr_alec_pierce_on_ir/pbni7a6/
"Thank god AJ Brown wasn't there, imagine having to force feed him vs the Titans, that kind of environment might make a QB throw 2 picks to a bottom 2 team in the NFL and barely squeak by with a win. Cupcakes will eventually run out and then we'll see what this offense is made of.",hot_take,,news_or_other,https://www.reddit.com/r/nfl/comments/1woj2xs/highlight_brandon_graham_on_the_2026_eagles/pbnk9bh/
As it turns out a lot of coaches respect him. He's a Parcells guy so he knows a bunch of other coaches and is still one of the better minds in the game.,hot_take,,news_or_other,https://www.reddit.com/r/nfl/comments/1wojbb3/seahawks_mike_macdonald_apologizes_to_broncos/pbnny2n/
"It's honestly insane how NFL front offices and coaches are still obsessed with arm strength. Anthony Richardson was a bottom 2 QB in his 1 year of college starting in pass accuracy 10 yards from the LoS or less. In this case, the issue was not processing as he usually made the right read, its that every pass is touching the sound barrier from a 99 yard hail mary to a 1 yard screen.",analysis,,news_or_other,https://www.reddit.com/r/nfl/comments/1woaq8p/brock_purdy_named_nfc_offensive_player_of_the_week/pbnbls0/
"Let's not forget the Cards drafting Murray to get Rosen out, despite the latter playing one of the best CFB games of all time and being well worth his draft position. And despite how Murray panned out ultimately, it was absolutely the right call. Granted, Dart has shown a LOT more already in the NFL than Rosen. But so far he's started 14 of 16 eligible games and is already closing in on Tua for concussion protocol, to say nothing of the knee now which is gonna cost him another 15 games and OTA time next summer. Dart is fun, but I wouldn't at all blame the Giants for taking a shot on Arch and letting the two duke it out.",analysis,,news_or_other,https://www.reddit.com/r/nfl/comments/1woc8vf/rap_jaxson_darts_surgery_will_address_torn/pbnozrf/
because its really not that hard to get that distance. he's one of the best ball strikers of all time. there is actual video of him doing it years ago too,hot_take,,news_or_other,https://www.reddit.com/r/nfl/comments/1wodqsu/england_captain_harry_kane_eyes_combining_mls/pbnf1ea/
"Well yeah, their team just got their teeth kicked in by the Rams, I wouldn’t call it crazy for a fan of a team that got their ass beat to say “y’know, those guys are pretty good”",hot_take,,news_or_other,https://www.reddit.com/r/nfl/comments/1wocw2m/the_seattle_seahawks_have_not_lost_a_game_by_more/pbngbbg/
Man what is it with guys named Gregg lol,reaction,,news_or_other,https://www.reddit.com/r/nfl/comments/1t5x7gs/highlight_charles_martin_commits_the_most_blatant/pbncdg6/
Shouldnt they keep starting the guy that took them to the postseason isntead of trying to insert a guy coming off a big injury who hasnt played in months? I dont think Dart is THAT established at this point.,analysis,,news_or_other,https://www.reddit.com/r/nfl/comments/1woic9m/schefter_giants_qb_jaxson_dart_is_out_for_the/pbnbz6w/
"One of the things that really jumped out to me watching the pump fake to Mike Evans is that it’s not just a pump fake with the arm. While on the move, he quickly sets his feet like he’s going to pass, and just as quickly is on the move again once the defender bites. It was impressive as hell.",analysis,,news_or_other,https://www.reddit.com/r/nfl/comments/1woaq8p/brock_purdy_named_nfc_offensive_player_of_the_week/pbnbfwx/
"Highlighting a player before the snap is good, darkening the rest of the screen so we can't see anything else is not. I know you probably weren't the one that made that choice, but hopefully that trend doesn't catch on.",reaction,,news_or_other,https://www.reddit.com/r/nfl/comments/1wojqjl/highlight_every_aaron_donald_snap_in_his_first/pbnonyk/
"Not really sure why you were downvoted though. That is the vibe of that game. Basically everyone remembers him getting absolutely murdered and rightfully so. 4 picks in the first half is just a statistic, but its a *really* bad statistic.",analysis,,news_or_other,https://www.reddit.com/r/nfl/comments/1woaq8p/brock_purdy_named_nfc_offensive_player_of_the_week/pbngd57/
"That’s a consequence of playing for Shanahan, his system gives you options and a decision to make between them Luckily Purdy is also great at scramble drills",analysis,,news_or_other,https://www.reddit.com/r/nfl/comments/1woe7wy/highlight_brock_purdy_breaking_down_anticipation/pbnh8ry/
This team isn’t what you think it is. They’re not ending as a bottom 5 team. They’re probably winning about 7 games,hot_take,,news_or_other,https://www.reddit.com/r/nfl/comments/1woi1x2/highlight_panthers_formation_on_4th_and_goal/pbnhimd/
If you don’t love Purdy at his Ronnie Bell-est you don’t deserve him at his Mike Evans-est Bro has had a rotating cast due to injuries and has always made the best out of it,hot_take,,news_or_other,https://www.reddit.com/r/nfl/comments/1woe7wy/highlight_brock_purdy_breaking_down_anticipation/pbngx64/
"Idk man thanks for validating me lol. I’m not too fussed about the downvotes. I’m not a Niners fan primarily, but I’m an Iowa State alum, so I tangentially follow the teams on which our guys play, and this is the reason I watched that game. The particulars clearly evade me but I’m glad I got the tenor of the first half right lol. Brock was flying so high up until that point that it must have felt like an enormous gut punch to him.",reaction,,news_or_other,https://www.reddit.com/r/nfl/comments/1woaq8p/brock_purdy_named_nfc_offensive_player_of_the_week/pbngtxw/
my conspiracy theory is that we underprepared/played soft to that game because the Rams were next and we imagined that we were just going to sack Rivers 2 times and make him wish that he never retired,hot_take,,news_or_other,https://www.reddit.com/r/nfl/comments/1woj0jg/seahawks_darnold_on_a_good_track_to_play_vs/pbnj9qc/
For his position you always maximize your next contract unless the team is extremely loyal and can guarantee another contract after the extension. He made the right choice.,analysis,,news_or_other,https://www.reddit.com/r/nfl/comments/1wo6m0h/pod_rb_jamaal_williams_contacted_detroit_lions/pbniih4/
By doing TikTok dances on opponent's midfield logos.,hot_take,,news_or_other,https://www.reddit.com/r/nfl/comments/1wohzfb/tennessee_titans_jc_latham_quietly_developing/pbnmcct/
"The Seahawks have won 12 games in a row, and not against cupcakes. It includes 2 wins vs the Rams, 2 vs the 49ers, and 2 vs the Patriots. That’s half the streak! Since that streak started on Nov 23rd of last year, those three teams have gone a combined 0-6 against the Seahawks, and 26-4 against the rest of their schedules, including playoffs (and one of those was the Rams vs 49ers game from this season, so one of them had to lose!).",analysis,,news_or_other,https://www.reddit.com/r/nfl/comments/1wocw2m/the_seattle_seahawks_have_not_lost_a_game_by_more/pbnghm2/
Like Walter Payton (but not in the playoffs). https://youtube.com/watch?v=ks4cIvtVEyM,reaction,,news_or_other,https://www.reddit.com/r/nfl/comments/1wof4go/ben_johnson_at_this_point_were_unsure_of_who_will/pbnind2/
\>Jake Haener Exactly why I bet they’re calling around..lol,reaction,,news_or_other,https://www.reddit.com/r/nfl/comments/1wo9xvq/giants_qb_jaxson_dart_is_expected_to_have_knee/pbnp6xy/
"Funnily, he could the next HC at UNC if Bill gets fired",hot_take,,news_or_other,https://www.reddit.com/r/nfl/comments/1woi1x2/highlight_panthers_formation_on_4th_and_goal/pbnbmko/
"Bradford makes some physically freaky plays. Considering guards are often the strongest players on the team, he's strong even for a guard. I figured this being a contract year may be the year he finally figured out the mental side of the game. But yeah I'd rather have consistency over inconsistency with the upside for occasional physical dominance (cough DK Metcalf cough).",analysis,,news_or_other,https://www.reddit.com/r/nfl/comments/1wohcah/musgrove_seahawks_to_place_rg_anthony_bradford_on/pbngvqo/
"The 199th overall pick! If his life were a movie, people would say, ""nah the writing sucks, no fucking way that would happen"" lol It's fucking awesome tbh.",reaction,,news_or_other,https://www.reddit.com/r/nfl/comments/1woibj5/sacramento_bee_25th_anniversary_of_tom_brady/pbnkwvj/
spoiler: they're not winning any more games,hot_take,,news_or_other,https://www.reddit.com/r/nfl/comments/1woic9m/schefter_giants_qb_jaxson_dart_is_out_for_the/pbncp80/
"That streak will last at least one more game. They have the Bears third-stringer coming up next. Caleb ""Paul Pierce"" Williams is out and their backup is out. But, then they have LAR, JAC, CHA and DAL. The Eagles might even go 4-0 in that stretch. But, I'm calling at least one game to be 31-27.",analysis,edge: schedule reasoning plus an exact score call,news_or_other,https://www.reddit.com/r/nfl/comments/1wof5m2/the_eagles_have_not_allowed_25_points_for_14/pbnj1m7/
"And if you go to a bad spot and bottom out, you won’t get those non guaranteed or later years. He got a 3 year 12m dollar deal with 8m guaranteed and was definitely cut after year 2. RBs have a tough spot, cause the jags are quickly out of the league especially if they can’t excel in the given system.",analysis,,news_or_other,https://www.reddit.com/r/nfl/comments/1wo6m0h/pod_rb_jamaal_williams_contacted_detroit_lions/pbnn4rl/
You're getting downvoted to oblivion but you're lowkey right. Allen per attempt has some of the most roughing the passer calls and his overall quality of RTP calls is quite high considering how much less he has played than those at the top of the list. https://nflpenalties.com/roughing-the-passer-by-qb.php?view=all He's an excellent player but he definitely oversells getting hit to bait some flags. Of course I don't think he has gotten as many soft RTP calls in big games as Brady did (2018 AFC championship game patriots vs chiefs as the most egregious example),analysis,,news_or_other,https://www.reddit.com/r/nfl/comments/1wnp3xs/josh_allen_entered_the_top_20_in_career_rushing/pbnmo4g/
"There's a lot of non-ball knowers in this thread. Think about it people, 4-5 defensive linemen and 5 OL (maybe more blockers from TE/RB too). No matter what, a functional OL should have minimum 1:1, and in 4 down linemen sets there'll be one guy with 2.",analysis,,news_or_other,https://www.reddit.com/r/nfl/comments/1wojqjl/highlight_every_aaron_donald_snap_in_his_first/pbnoxlw/
> Do you think the Redskins were Carter’s rookie year? > > no? who said it was? Carter largely considered a bust THEN had two seasons in a row where he had 9 carries combined and was able to comeback at the ripe old age of 28 and have a solid rotation running back season,analysis,,news_or_other,https://www.reddit.com/r/nfl/comments/1wo3l90/rapoport_panthers_rb_jonathan_brooks_who_left/pbnikd3/
First overall pick and Heisman winner btw. This is unbelievable stuff,reaction,,news_or_other,https://www.reddit.com/r/nfl/comments/1wojo0k/highlight_raiders_qb_fernando_mendoza_posts_and/pbnkisi/
If Jameis gets them to the playoffs he better let him finish the damn season,hot_take,,news_or_other,https://www.reddit.com/r/nfl/comments/1woic9m/schefter_giants_qb_jaxson_dart_is_out_for_the/pbnh6uk/
"It's literally empty with a tight bunch. I don't understand what would be confusing about that, the same rules as standard bunch apply in whatever coverage youre running. An NFL defense should not be confused by this. Yeah, it's an odd formation but it's nothing groundbreaking",analysis,,news_or_other,https://www.reddit.com/r/nfl/comments/1woi1x2/highlight_panthers_formation_on_4th_and_goal/pbnds96/
"It is a good rivalry. The issue is they're in the same conference, so we don't get them head to head in the super bowl, but they've had epic playoff games.",analysis,,news_or_other,https://www.reddit.com/r/nfl/comments/1woh1dl/highlight_a_lot_of_people_dont_believe_in_you_it/pbnejux/
"That just sucks honestly. I think the Giants were (and still could be) a sleeper playoff team this year if they could stay healthy. But with Dart out and Nabers out for a period of time, I just don’t see it happening anymore.",analysis,edge: two injuries used as the whole playoff case,news_or_other,https://www.reddit.com/r/nfl/comments/1woic9m/schefter_giants_qb_jaxson_dart_is_out_for_the/pbnc2oh/
It’s his first game since January 2024 let’s maybe see if he can shake off the cobwebs. He’s still dangerous enough to get defensive notice even here.,analysis,,news_or_other,https://www.reddit.com/r/nfl/comments/1wojqjl/highlight_every_aaron_donald_snap_in_his_first/pbnm5he/
Well if the Eagles also colpase then 7-10 can win the division with how the Cowboys and Commies look.,analysis,,news_or_other,https://www.reddit.com/r/nfl/comments/1woic9m/schefter_giants_qb_jaxson_dart_is_out_for_the/pbnejv0/
"No, it was Bowe and Maclin first two years, Kelce was 2nd in targets those years... then he was pretty even with Hill for 5 years. So for the majority of his career he was competing with another WR for targets. Versus Harrison who would have just gargantuan target numbers 99 - 193 - next most 87 00 - 170 - next most 89 01 - 164 - next most 73 02 - 205 - next most 84 so on and so on Marvin was getting the ball on a good 40% of the Colts offense snaps many years. Kelce never was anywhere near that.. In his peak, 2022 when Hill left, 152 target season he was still only about ~20% of Mahomes attempts. That's why it's absolutely nuts what Kelce is right there with Harrison who was force fed the ball at nearly double the rate in the peak of his career.",analysis,,news_or_other,https://www.reddit.com/r/nfl/comments/1woauxg/travis_kelce_is_just_3_receptions_away_from/pbnb5hx/
"Did you watch him last year after he came back? I get your a homer, but you already have him better than Joe burrow or Stafford? Yes, string some healthy seasons together. He got hurt in the playoffs, 3 years ago, and got hurt last year. Dunno what is confusing about that. How many times has Josh Allen gotten hurt? How many times has mahomes gone down?",analysis,,news_or_other,https://www.reddit.com/r/nfl/comments/1wnt37s/stick_to_the_model_which_qbs_actually_get_better/pbnmgz4/
He's supposed to wait until after Jameis has a 5 TD game before talking about the playoffs. There will be a brief window before he has a 5 INT game to bring it all crashing back down.,reaction,,news_or_other,https://www.reddit.com/r/nfl/comments/1woic9m/schefter_giants_qb_jaxson_dart_is_out_for_the/pbnhil7/
"He said they looked unstoppable and the best in the league, a little more than “those guys are pretty good” and there’s no justification for basing who you think the best defense in the league is based off your subpar home team losing",analysis,,news_or_other,https://www.reddit.com/r/nfl/comments/1wocw2m/the_seattle_seahawks_have_not_lost_a_game_by_more/pbnqbp6/
Maybe they’re sitting there laughing set the whole thing up 😂,reaction,,news_or_other,https://www.reddit.com/r/nfl/comments/1wnrxtc/mike_macdonalds_comments_about_sean_payton_werent/pbnbjak/
"> I genuinely don’t know what him and AJ had going on The rumored story is that Haason Reddick fucked AJB's side chick, and not only did Jalen know about it and not tell AJB, but he told his wife. Who then told AJB's wife. And then that drama cascaded across the entire team.",hot_take,,news_or_other,https://www.reddit.com/r/nfl/comments/1woj2xs/highlight_brandon_graham_on_the_2026_eagles/pbnppp4/
"We are at week one of the three weeks of Falcons being in prime time and I’m already tired of the complaining about three weeks of Falcons being in prime time. It’s fine man, we’re going to survive. Bijan Robinson is still a treat to watch. Let’s all just calm down. Had to get that off my chest, I hope I didn’t offend anyone.",reaction,,news_or_other,https://www.reddit.com/r/nfl/comments/1wo6ye9/water_cooler_wednesday/pbnghof/
"Even then, his head barely moves because of the contact. If you watch it, his whole torso whips backward because of the chest-to-chest hit.",analysis,,news_or_other,https://www.reddit.com/r/nfl/comments/1wo6yay/injury_possible_concussive_hit_on_bagent_near_end/pbnqe4g/
yea in all seriousness it's a much needed change from gambling ads if anything i would love this series to just be him ragging on how evil gambling advertising companies are that would be AMAZING,reaction,,news_or_other,https://www.reddit.com/r/nfl/comments/1wojo0k/highlight_raiders_qb_fernando_mendoza_posts_and/pbnlboe/
I actually didn’t count this game because Brady didn’t enter it until the fourth quarter and only threw ten passes/,analysis,,news_or_other,https://www.reddit.com/r/nfl/comments/1woibj5/sacramento_bee_25th_anniversary_of_tom_brady/pbnkgjj/
He might be a dweeb but at least it's not some advertisement for Draft Kings. Plus as an Indiana native I am obligated to love him for eternity,reaction,,news_or_other,https://www.reddit.com/r/nfl/comments/1wojo0k/highlight_raiders_qb_fernando_mendoza_posts_and/pbnkt8f/
"> People gave Carter another chance because he had proven he could be productive for a whole season at least once. > > no he didn't? lmao? He was 28 and had never even ran for more than 4 yards a carry, he was 100% living off his college reputation at that point. That one year in Washington was arguable his best",analysis,,news_or_other,https://www.reddit.com/r/nfl/comments/1wo3l90/rapoport_panthers_rb_jonathan_brooks_who_left/pbnk68p/
"Seattle was the last team to sign a HC after the 2023 season. According to Jon Schneider, he talked to several of the other GMs and said that more than one liked Macdonald but he wasn't a ""fit"" for them but he could be a good fit for Seattle. Several other teams passed on Mike Mac. Hind sight is 20/20.",analysis,,news_or_other,https://www.reddit.com/r/nfl/comments/1wocw2m/the_seattle_seahawks_have_not_lost_a_game_by_more/pbnq1mf/
I think he just meant the flag football game at the end of the year bbq.,reaction,,news_or_other,https://www.reddit.com/r/nfl/comments/1woic9m/schefter_giants_qb_jaxson_dart_is_out_for_the/pbnq26c/
"At this point people hate him because he’s bad at playing corner and seems to be doing something stupid in every game. Penalties, blown coverage, shit tackling, just piles up. It’s on MLF for letting him decide his position and on Gute for complete mismanagement of the corner group",analysis,,news_or_other,https://www.reddit.com/r/nfl/comments/1wohm22/packers_final_injury_report_for_wk3_vs_falcons_dt/pbno39n/
"That's true, and I'm not entirely defending the Bills, as a combination of injuries and poor management has given them struggles. That said, Brady made it to the super bowl ten times in 23 seasons. Since Tom Brady left the Patriots, the Chiefs have made it to the super bowl five out of six of their seasons. The Chiefs as a team are excellent, but Mahomes is panning out to be generational talent like Brady, and that's made it tough for Allen even with the Bills on a good year.",analysis,,news_or_other,https://www.reddit.com/r/nfl/comments/1woh1dl/highlight_a_lot_of_people_dont_believe_in_you_it/pbniw9j/
"And I kind of love it? Like don’t have to worry about blown leads, or not understanding how to recover an onside kick, or Koo forgetting how to kick, or Morris not knowing how to coach, or Desmond ridder, etc etc. We’re just complete ass",reaction,,news_or_other,https://www.reddit.com/r/nfl/comments/1woi1x2/highlight_panthers_formation_on_4th_and_goal/pbna723/
"Yeah like if they are willing to throw a first to still not make the playoffs, swindle them for it. Nothing reasonable should be considered, though.",hot_take,,news_or_other,https://www.reddit.com/r/nfl/comments/1woic9m/schefter_giants_qb_jaxson_dart_is_out_for_the/pbnpfgo/
"He sometimes still pulls a hero ball move instead of checking down, but over the years his success rate has gone way up so fuck it, let it fly",hot_take,,news_or_other,https://www.reddit.com/r/nfl/comments/1woe7wy/highlight_brock_purdy_breaking_down_anticipation/pbng0re/
"He has 24 carries, [here](https://www.pro-football-reference.com/boxscores/202110310clt.htm)for example is a game where derrick henry had 28 carries and not one single double digit carry. Thats the problem with looking at limited sample size. Particularly of a running back with a terrible offensive line in front of him and coming back from a major injury.",analysis,,news_or_other,https://www.reddit.com/r/nfl/comments/1wnfkag/walder_the_three_worst_players_in_rush_yards_over/pbnions/
Yeah. The Commie secondary makes Swiss Cheese look solid. I don’t think the Commies have a DB that could cover my Granny… and she’s been gone for over 40 years.,hot_take,,news_or_other,https://www.reddit.com/r/nfl/comments/1woj0jg/seahawks_darnold_on_a_good_track_to_play_vs/pbnghv0/
I mean 2 of them their defense literally all died,hot_take,,ranking_or_prediction,https://www.reddit.com/r/nfl/comments/1wjukhi/in_the_dan_campbell_era_the_lions_have_had_just/pbndsj2/
"For you. For me it was beautiful chaos. I wouldn't want him on my team but he does make things interesting. Launches it downfield? Will it be a touchdown, an interception or just land 15 yards away from the nearest receiver? Embrace the unknown, because at this point you don't really have a choice.",reaction,,news_or_other,https://www.reddit.com/r/nfl/comments/1woczxq/florio_giants_qb_jaxson_dart_wanted_to_return_to/pbnr6wv/
You say this like he hasn’t already been working toward it. This isn’t the first time he’s talked about the NFL. I don’t know what training regimen he has but I have to imagine if he’s serious about doing this he knows what it takes to prepare.,hot_take,,news_or_other,https://www.reddit.com/r/nfl/comments/1wodqsu/england_captain_harry_kane_eyes_combining_mls/pbnco9x/
"I really wonder if putting him on the cart and driving him off the field would have made a difference? Luckily nothing ripped, but I just hate the forced machismo in ""walking"" off the field. Great did you inflame everything more because he didn't want to look like Caleb.",analysis,,news_or_other,https://www.reddit.com/r/nfl/comments/1woic9m/schefter_giants_qb_jaxson_dart_is_out_for_the/pbnb97j/
"If you sincerely watch football and think all it is is flopping you don’t really know much about the sport. Sure it happens, but it’s not something that is so detrimental that it completely derails the game. People see guys in pain after getting a stud to the foot and call it flopping. Those people have never played beyond primary school level. Football boots are very thin. It’s essentially like getting a metal stud to your foot with just two layers of sock on.",analysis,,news_or_other,https://www.reddit.com/r/nfl/comments/1wodqsu/england_captain_harry_kane_eyes_combining_mls/pbnclk1/
"Conveniently selectively blocking out the absolute belt to ass the Seahawks laid to multiple teams, including the Commanders last year lol The Commanders, Saints, and AZ at home games were over at halftime because the Seahawks were up 4+ possessions.",analysis,,news_or_other,https://www.reddit.com/r/nfl/comments/1woj0jg/seahawks_darnold_on_a_good_track_to_play_vs/pbnlx9c/
"I heard Sean Payton put in a rookie OC to take the heat from the Chiefs loss, then turned around and blamed everyone but himself. The re-established the bounty program to motivate his underpaid workers",hot_take,,news_or_other,https://www.reddit.com/r/nfl/comments/1wojbb3/seahawks_mike_macdonald_apologizes_to_broncos/pbnk06o/
"If only they could cheat as well as Denver, circumventing the cap into 2 rings",hot_take,,news_or_other,https://www.reddit.com/r/nfl/comments/1wojbb3/seahawks_mike_macdonald_apologizes_to_broncos/pbnpfpj/
There’s a better chance I go on a date with Sydney Sweeney but alright,reaction,,news_or_other,https://www.reddit.com/r/nfl/comments/1woic9m/schefter_giants_qb_jaxson_dart_is_out_for_the/pbnavtu/
Because they lied like every nfl team does about injuries. Guys leg bent like 30 degrees more than it ever should of course he was gonna is significant time. I honestly don’t know what the solution is but I’d be in favor of some kind of unilateral penalty or enforcement for teams fishing injury reports constantly like they do. It’s absolutely bullshit,analysis,,news_or_other,https://www.reddit.com/r/nfl/comments/1wo9xvq/giants_qb_jaxson_dart_is_expected_to_have_knee/pbnbdh5/
You guys must have a cursed treatment room like in Ted Lasso.,reaction,,news_or_other,https://www.reddit.com/r/nfl/comments/1wogegn/its_almost_week_3_and_the_49ers_are_already/pbnk8ak/
"We used to like Blank as a fanbase but in the last decade he has publicly pushed for Deshaun Watson, gone on record to defend the owners from a collusion probe about guaranteed money by saying the falcons wouldn’t be interested in Lamar Jackson, and most recently was one of the owners identified as standing with Kraft in pushing Mclemore off the ed Sheeran tour. Dude sucks apparently",analysis,edge: insult framing but the owner examples carry the claim,news_or_other,https://www.reddit.com/r/nfl/comments/1woi1x2/highlight_panthers_formation_on_4th_and_goal/pbnjxn2/
"It will be all the build up before the game, they will treat it like they are blood enemies playing the clips over and over.",hot_take,,news_or_other,https://www.reddit.com/r/nfl/comments/1wojbb3/seahawks_mike_macdonald_apologizes_to_broncos/pbnne99/
💯 his heart is in the right place but his head might be another story.,reaction,,news_or_other,https://www.reddit.com/r/nfl/comments/1woczxq/florio_giants_qb_jaxson_dart_wanted_to_return_to/pbnpedd/
"Great, so I guess he'll keep being the same AB.",reaction,,news_or_other,https://www.reddit.com/r/nfl/comments/1wokd6j/lawyer_antonio_brown_to_avoid_prison_with_reduced/pbnq7bv/
"& if they make a Super Bowl appearance sometime in the next few decades, it’ll be with a (partial) owner drafted by the Pats!",reaction,,news_or_other,https://www.reddit.com/r/nfl/comments/1woauxg/travis_kelce_is_just_3_receptions_away_from/pbngiq1/
"I will almost guarantee Penix is going to come in, play like about the 22nd best QB, we win 4 of our last 6, and pick 8th.",hot_take,,news_or_other,https://www.reddit.com/r/nfl/comments/1woi1x2/highlight_panthers_formation_on_4th_and_goal/pbnfavc/
There is no QB available to trade for that will move the needle that much. We will roll with Winston it’ll be a shit show. Then run it back with Dart next year.,hot_take,,news_or_other,https://www.reddit.com/r/nfl/comments/1woic9o/giants_qb_jaxson_dart_is_out_for_the_regular/pbna4kg/
"There is an unconfirmed rumor that Bill wanted Brady to start to begin the season because he hated Drew’s gunslinger approach, but obviously he couldn’t bench the guy with the first $100 million contract in NFL history for some unproven rookie. Once he had the chance to prove himself though that was Brady’s job.",analysis,,news_or_other,https://www.reddit.com/r/nfl/comments/1woh1dl/highlight_a_lot_of_people_dont_believe_in_you_it/pbnefi5/
The fact I can’t post a gif of HC mora saying “playoffs?!” To the reporter is a hate crime,reaction,,news_or_other,https://www.reddit.com/r/nfl/comments/1woic9m/schefter_giants_qb_jaxson_dart_is_out_for_the/pbnba2g/
"Yeah but this is Matt Flynn territory here. Lock got a mulligan for the Pat game entering with no prep, got to feast on a bad AZ defense. Avoiding a bad game is likely the different in 5-10 million total dollars. If he came back to reality (As backups often do after the first couple days) he'd be losing quite a bit of money. Best case scenario for Lock here if Darnold is ready to play, goes out on a high note that leaves people wondering if he can be their stop gap.",analysis,,news_or_other,https://www.reddit.com/r/nfl/comments/1woj0jg/seahawks_darnold_on_a_good_track_to_play_vs/pbnknpo/
Bro there aren’t even 32 qbs that are good enough to lead a team to the playoffs now you want backups to be able to do that?,analysis,,news_or_other,https://www.reddit.com/r/nfl/comments/1woic9m/schefter_giants_qb_jaxson_dart_is_out_for_the/pbne1q3/
It's a legitimate callout. Purely based on math of generally fewer DL than OL lol,analysis,,news_or_other,https://www.reddit.com/r/nfl/comments/1wojqjl/highlight_every_aaron_donald_snap_in_his_first/pbnpku4/
Smh. Poor fn kid. Imagine if he would of been on literally any other team and not having to play on that death trap of a field,reaction,,news_or_other,https://www.reddit.com/r/nfl/comments/1wmy49y/highlight_hof_qb_kurt_warner_makes_the_case_for/pbnhal8/
And Jeremy Giambi provides strip club recommendations,reaction,,news_or_other,https://www.reddit.com/r/nfl/comments/1woic9m/schefter_giants_qb_jaxson_dart_is_out_for_the/pbnfjgx/
"He got the bag, so your projections were correct.",reaction,,news_or_other,https://www.reddit.com/r/nfl/comments/1wohzfb/tennessee_titans_jc_latham_quietly_developing/pbnj4ym/
"I understand the arguments in favor for reporting this sort of information, though. Because people aren’t wrong that we should be encouraging journalists to report real news. But on the other hand, I feel we should be encouraging journalists to do so while maintaining ethical standards of the profession. If it’s something like Mike asking whether it would be off the record after the fact, or assuming it would be, or something similar, then I get it. However, the way the video was filmed (the angle and distance) makes me a little suspicious that Mike may not have been aware he was being filmed at that particular moment. Like you said, naïveté aside (always assume you’re on the record during a formal interview like this one), I think it’s more to do with professional ethics.",analysis,,news_or_other,https://www.reddit.com/r/nfl/comments/1wojbb3/seahawks_mike_macdonald_apologizes_to_broncos/pbnr7w5/
Not making the decision for him but just seeing it happen twice here after the numerous concussions he experienced prior to joining the Commanders. It feels like he should really consider it.,analysis,,news_or_other,https://www.reddit.com/r/nfl/comments/1wo84ve/schultz_the_panthers_will_have_veteran_rb_austin/pbneds0/
"If anything, being a football nepo hire just means you grew up around the game and were an apprentice learning football since birth. That probably makes you more qualified, if anything, as long as you can actually do the work once you're hired. Sean McVay is another famous nepo-hire (his grandfather was a 49ers executive for 2 decades, including Director of Football Ops/GM during some of the Bill Walsh championship years)",analysis,,news_or_other,https://www.reddit.com/r/nfl/comments/1wogegn/its_almost_week_3_and_the_49ers_are_already/pbncqx6/
Bill has actually gone on record saying by this point he felt Tom was outperforming Drew they just hadnt pulled the trigger given toms in experience,analysis,,news_or_other,https://www.reddit.com/r/nfl/comments/1wo5bmz/highlight_on_this_day_25_years_ago_one_of_the/pbnpzf8/
Harry Kane may win a Super Bowl before Tottenham wins a Premier League,reaction,,news_or_other,https://www.reddit.com/r/nfl/comments/1wodqsu/england_captain_harry_kane_eyes_combining_mls/pbnjxiw/
"This will be noticeable (and was noticeable) during run blocking. Pass blocking is when he makes most of his mistakes, but give him a job to move a dude and he's golden.",analysis,,news_or_other,https://www.reddit.com/r/nfl/comments/1wohcah/musgrove_seahawks_to_place_rg_anthony_bradford_on/pbnl57f/
Because it’s the NFL. A good chunk on people in this league are really shitty people and there’s no boundary that makes that concept only apply to players. I’d be willing to bet that more coaches than most of us expect have some kind of dirty laundry or skeletons in their closets.,hot_take,,news_or_other,https://www.reddit.com/r/nfl/comments/1wojbb3/seahawks_mike_macdonald_apologizes_to_broncos/pbnkm7q/
Jokes on them them I liked Mike Macdonald when I thought he said it on purpose too,reaction,,news_or_other,https://www.reddit.com/r/nfl/comments/1wojbb3/seahawks_mike_macdonald_apologizes_to_broncos/pbniy6g/
He heard Dart has the lowest handicap and hopes his knee will be ready for the post season team golf tournament.,reaction,,news_or_other,https://www.reddit.com/r/nfl/comments/1woic9m/schefter_giants_qb_jaxson_dart_is_out_for_the/pbnmq4s/
"football player got hurt on regular football play, call the presses I guess, acting like this was a hospital ball and got his head taken off.",reaction,,news_or_other,https://www.reddit.com/r/nfl/comments/1woj2xs/highlight_brandon_graham_on_the_2026_eagles/pbnpot1/
Our O line has been much better pass blocking so far but terrible run blocking,analysis,,news_or_other,https://www.reddit.com/r/nfl/comments/1wog3j5/jones_jim_harbaugh_drake_maye_among_those_under/pbnmmcp/
"Oh, shush. I’ve been a football fan 45 years. It is very rare these two teams are good at the same time.",hot_take,,news_or_other,https://www.reddit.com/r/nfl/comments/1woe7wy/highlight_brock_purdy_breaking_down_anticipation/pbnjuxy/
I wonder if the same applies to bad teams in a big metro on the other coast 😜,reaction,,news_or_other,https://www.reddit.com/r/nfl/comments/1wocnu0/highlight_kyle_brandt_gives_a_message_to_the_los/pbnpdoo/
"Yeah, the inside receiver ran outside and the outside receiver ran inside. The two defenders ran into each other trying to cover them. It's not often you see a defense run a pick play on itself.",analysis,,news_or_other,https://www.reddit.com/r/nfl/comments/1woi1x2/highlight_panthers_formation_on_4th_and_goal/pbnr4ml/
He damn near cooked us lmfao Modern defense was not ready for filipe Rios and his ability to read at the line,reaction,edge: cooked-us reaction with a thin read-at-the-line claim,news_or_other,https://www.reddit.com/r/nfl/comments/1wof4go/ben_johnson_at_this_point_were_unsure_of_who_will/pbnp6w3/
"I counted 1 QB pressure and maybe if you're being very generous you can count the last snap as a QB hit. Not a good debut, he was a non-factor on majority of those snaps.",analysis,,news_or_other,https://www.reddit.com/r/nfl/comments/1wojqjl/highlight_every_aaron_donald_snap_in_his_first/pbnm29i/
You know the general perception of Purdy is changing when the crowd are posting funny memes about it.,hot_take,,news_or_other,https://www.reddit.com/r/nfl/comments/1woaq8p/brock_purdy_named_nfc_offensive_player_of_the_week/pbnbd5v/
I saw this with Trags today. Not a good look for Trey. [https://www.youtube.com/shorts/UGhC5xkWILw](https://www.youtube.com/shorts/UGhC5xkWILw),reaction,,news_or_other,https://www.reddit.com/r/nfl/comments/1woa7jk/highlight_dexter_lawrence_micd_up_week_2/pbnka0g/
"Because she didn't execute a squib kick and no one being remotely honest believes that, and making a 22 yard field goal does not by any stretch of the imagination make a performance ""good.""",analysis,,news_or_other,https://www.reddit.com/r/nfl/comments/1wodqsu/england_captain_harry_kane_eyes_combining_mls/pbnjj3z/
"Wdym, don’t they still use a rubric? It was always known to be a “trust me” method in the sense you couldn’t make it fully objective. Did people think they were doing physics calculations using game film?",hot_take,,ranking_or_prediction,https://www.reddit.com/r/nfl/comments/1wncyi4/pff_power_rankings_featuring_the_falcons_at_21/pbne4qs/
"Okay, so you’re pro cheating then? Cool bro",reaction,,news_or_other,https://www.reddit.com/r/nfl/comments/1wog3j5/jones_jim_harbaugh_drake_maye_among_those_under/pbnb292/
There is literally a highlight of him crushing a guy floating around YouTube this morning lol,reaction,,news_or_other,https://www.reddit.com/r/nfl/comments/1wohcah/musgrove_seahawks_to_place_rg_anthony_bradford_on/pbnq2ga/
"You gotta go full French to avoid criticism, that's why I pronounce Detroit as De-twah",reaction,,news_or_other,https://www.reddit.com/r/nfl/comments/1woic9m/schefter_giants_qb_jaxson_dart_is_out_for_the/pbnmhdi/
Three Falcons primetime games *in a row*? Is that a threat? Who in Atlanta's front office has dirt on Goodell?,reaction,,news_or_other,https://www.reddit.com/r/nfl/comments/1wo6ye9/water_cooler_wednesday/pbnq6eg/
"I commented something about them not have 6 wins on their schedule just to be funny then I check and holy shit I see two wins, and even those can be argued against",hot_take,,news_or_other,https://www.reddit.com/r/nfl/comments/1woi1x2/highlight_panthers_formation_on_4th_and_goal/pbnksef/
Yes but they had literal years of cheating that had taken place so it's hard to say what it would have been otherwise. Even if they didn't win the actual championship game because of cheating they almost certainly got to where they were because of it.,analysis,,news_or_other,https://www.reddit.com/r/nfl/comments/1wog3j5/jones_jim_harbaugh_drake_maye_among_those_under/pbnaliy/
It does seem like injuries are on the rise and this would be an easy accommodation to help manage that.,hot_take,,news_or_other,https://www.reddit.com/r/nfl/comments/1wogegn/its_almost_week_3_and_the_49ers_are_already/pbnjop7/
"You can insult his character, but that ""washout"" took a team very few believed in and got it to the conference championship game within a few years. You can scream and cry and wet your pants in frustration, but you cannot deny results.",analysis,,news_or_other,https://www.reddit.com/r/nfl/comments/1wojbb3/seahawks_mike_macdonald_apologizes_to_broncos/pbnlbsw/
"I feel like this would be the tape to show college refs what targeting is. This play would be ""reviewed"" just to go through the motions before ejecting the defender.",analysis,,news_or_other,https://www.reddit.com/r/nfl/comments/1wo6yay/injury_possible_concussive_hit_on_bagent_near_end/pbnayh4/
"If I were the owner/manager of whatever MLS team he ends up on, I absolutely wouldn’t let him do kickoffs and risk injuring my big name player",analysis,,news_or_other,https://www.reddit.com/r/nfl/comments/1wodqsu/england_captain_harry_kane_eyes_combining_mls/pbnfyjk/
It’s not as funny as I remembered but still a classic love it,reaction,,news_or_other,https://www.reddit.com/r/nfl/comments/1wo6m0h/pod_rb_jamaal_williams_contacted_detroit_lions/pbnjtwu/
"Took the words right out of my mouth lol. Corny as hell but in today’s sports climate; anyone doing anything that isn’t crypto ads, gambling ads, or assaulting their loved ones is A-okay in my book.",reaction,,news_or_other,https://www.reddit.com/r/nfl/comments/1wojo0k/highlight_raiders_qb_fernando_mendoza_posts_and/pbnn3ae/
AD in a wheelchair after poking his eye 🤣,reaction,,news_or_other,https://www.reddit.com/r/nfl/comments/1woczxq/florio_giants_qb_jaxson_dart_wanted_to_return_to/pbnr729/
When he comes outta retirement to save your pitiful (calling the colts franchise pitiful) let me know,reaction,,news_or_other,https://www.reddit.com/r/nfl/comments/1woctg2/since_thanksgiving_2025_there_have_only_been_two/pbnc1u7/
lol for real. I was wondering to myself why this guy was doing World Cup coverage.,reaction,,news_or_other,https://www.reddit.com/r/nfl/comments/1wo9xvq/giants_qb_jaxson_dart_is_expected_to_have_knee/pbnbg5b/
"Not really. Rough count is around 27 snaps where he was faced one on one pre snap and 6 where he was double covered intentionally. I know you're a ravens fan and you lot aren't known for your counting ability, but how did you get those numbers so wrong?",analysis,,news_or_other,https://www.reddit.com/r/nfl/comments/1wojqjl/highlight_every_aaron_donald_snap_in_his_first/pbnnufk/
"There's believing you're the shiiiet, then there's proving you're the shiieeet. Every QB thinks they're #1...but not every QB can play like a #1.",hot_take,,news_or_other,https://www.reddit.com/r/nfl/comments/1woh1dl/highlight_a_lot_of_people_dont_believe_in_you_it/pbnpx5k/
Just imagine him with Kurt when he was in his prime vs near the end.,hot_take,,news_or_other,https://www.reddit.com/r/nfl/comments/1woauxg/travis_kelce_is_just_3_receptions_away_from/pbnfhwu/
You don't think kicking an opposing player in the face is unnecessary roughness? His intent was to hurdle him not kick him of course but the outcome yeah that's definitely a penalty,analysis,,news_or_other,https://www.reddit.com/r/nfl/comments/1wodqsu/england_captain_harry_kane_eyes_combining_mls/pbnli2e/
Lol. They would bring one legged dart back. Let's just get winston off the field,reaction,,news_or_other,https://www.reddit.com/r/nfl/comments/1woic9m/schefter_giants_qb_jaxson_dart_is_out_for_the/pbnbsuv/
You new here? Its an even year. 49ers are MORE cursed on even years.,hot_take,,news_or_other,https://www.reddit.com/r/nfl/comments/1wogegn/its_almost_week_3_and_the_49ers_are_already/pbncym6/
That is Harbaugh speak for 'his leg now resides in two different zip codes'.,reaction,,news_or_other,https://www.reddit.com/r/nfl/comments/1woic9m/schefter_giants_qb_jaxson_dart_is_out_for_the/pbnqqdi/
"And if they do somehow get there with Winston, Winston should get to finish the job.",hot_take,,news_or_other,https://www.reddit.com/r/nfl/comments/1woic9m/schefter_giants_qb_jaxson_dart_is_out_for_the/pbndwl6/
Mike McDonald is a good dude. He shouldn’t be apologizing to anyone. Sean Payton is a snobby little bitch.,reaction,,news_or_other,https://www.reddit.com/r/nfl/comments/1wojbb3/seahawks_mike_macdonald_apologizes_to_broncos/pbnj62y/
"Good god, Commanders and Giants about to repeat worse versions of their 2025 seasons in week fucking 2",reaction,,news_or_other,https://www.reddit.com/r/nfl/comments/1wo9xvq/giants_qb_jaxson_dart_is_expected_to_have_knee/pbnek0n/
But Macdonald swings back around to likable because he had the decency to apologize for calling Payton a little bitch.,reaction,,news_or_other,https://www.reddit.com/r/nfl/comments/1wojbb3/seahawks_mike_macdonald_apologizes_to_broncos/pbnqxto/
lol whack. Oh no the horrors of having to throw to noted great wide receiver AJ Brown,reaction,,news_or_other,https://www.reddit.com/r/nfl/comments/1woj2xs/highlight_brandon_graham_on_the_2026_eagles/pbng8h6/
Why are they being so coy with this injury? Took 2 days to establish he’s out for the year and what actually happened to his knee and what extent is ambiguous still. They’re overly confident and it’s sus.,hot_take,,news_or_other,https://www.reddit.com/r/nfl/comments/1woic9m/schefter_giants_qb_jaxson_dart_is_out_for_the/pbnb037/
Him and smitty used to seem really close like they would do celebrations and shit together. All of a sudden I noticed AJB having less and less people celebrate with him including Devonta smith,hot_take,,news_or_other,https://www.reddit.com/r/nfl/comments/1woj2xs/highlight_brandon_graham_on_the_2026_eagles/pbnl040/
"Incompetence from an organization standpoint is my biggest pet peeve in sports, I’ve been dealing with the falcons being incompetent for 21 years of my life, Matt Ryan masked a ton of it and so did cam for yall, we really are pretty similar in depressing ways",hot_take,,news_or_other,https://www.reddit.com/r/nfl/comments/1woi1x2/highlight_panthers_formation_on_4th_and_goal/pbnk9oc/
I want to see the drive by Harbaugh super hard handshake.,reaction,,news_or_other,https://www.reddit.com/r/nfl/comments/1wojbb3/seahawks_mike_macdonald_apologizes_to_broncos/pbnjg5c/
Without Connor Stallions he aint got it.,hot_take,,news_or_other,https://www.reddit.com/r/nfl/comments/1wog3j5/jones_jim_harbaugh_drake_maye_among_those_under/pbnc6do/
"Or the Miracle in Miami, which happened the year you won the Super Bowl and finished 11-5.",analysis,,news_or_other,https://www.reddit.com/r/nfl/comments/1wocnu0/highlight_kyle_brandt_gives_a_message_to_the_los/pbnoth8/
Even if you could grab individual guys' respective pressure rates into team defenses somehow it'd be a huge improvement,hot_take,,news_or_other,https://www.reddit.com/r/nfl/comments/1wocw2m/the_seattle_seahawks_have_not_lost_a_game_by_more/pbnp543/
"Staffords game against the browns his rookie year where he threw a td with a separated shoulder is one of my all time favorite clips. ""I'm good get the fuck off of me! I can play!"" Lol",reaction,,news_or_other,https://www.reddit.com/r/nfl/comments/1woczxq/florio_giants_qb_jaxson_dart_wanted_to_return_to/pbnkdnh/
"Good point honestly. It seems a little cringey but at the same time, who cares? It’s not a Draft Kings ad and he’s not drinking and driving at 150 mph after beating his girlfriend. So I’ll take it.",reaction,,news_or_other,https://www.reddit.com/r/nfl/comments/1wojo0k/highlight_raiders_qb_fernando_mendoza_posts_and/pbnojhv/
"They have their own 1RP next draft, at least they suck on their own schedule.",hot_take,,news_or_other,https://www.reddit.com/r/nfl/comments/1wo99qt/meirov_the_colts_are_placing_wr_alec_pierce_on_ir/pbnera6/
"On one of the stuffs, he threw his guy to the floor but other linemen messed up their timing and we got stuffed. I’ve seen multiple different clips of him getting guys on the ground",analysis,,news_or_other,https://www.reddit.com/r/nfl/comments/1wohcah/musgrove_seahawks_to_place_rg_anthony_bradford_on/pbnd0vk/
"Hey buddy, look at the pretty flowers over there real quick",reaction,,news_or_other,https://www.reddit.com/r/nfl/comments/1woik88/ravens_dl_nnamdi_madubuike_a_full_practice/pbne9tl/
"This is the one sack where I said in the game thread Lamar can't take that sack he needs to throw that one away, and I got absolutely mobbed by people telling my I'm dumb, and yet it's the top comment here lol",hot_take,,news_or_other,https://www.reddit.com/r/nfl/comments/1wlnj3w/highlight_chase_young_sacks_lamar_jackson/pbnp121/
I'm shocked someone hasn't tried to poach Benton by now. We should blank check the dude until we can't afford to.,hot_take,,news_or_other,https://www.reddit.com/r/nfl/comments/1wocw2m/the_seattle_seahawks_have_not_lost_a_game_by_more/pbnadfy/
"It was his first game in 2 years. He got a TFL, ate up some double teams, and our d line as a whole was night and day from Australia. He legit will only get better. He also has the best pass rush win rate in the league haha",analysis,,news_or_other,https://www.reddit.com/r/nfl/comments/1wojqjl/highlight_every_aaron_donald_snap_in_his_first/pbnq0wz/
Skattebo needs a partner to fight over floaties in cancun,reaction,,news_or_other,https://www.reddit.com/r/nfl/comments/1woic9m/schefter_giants_qb_jaxson_dart_is_out_for_the/pbndlgd/
"To be fair, the Vikings with a QB that can actually operate KOC's offense could win that division.",hot_take,,news_or_other,https://www.reddit.com/r/nfl/comments/1woj0jg/seahawks_darnold_on_a_good_track_to_play_vs/pbnha8w/
Jim Harbaugh will return in Avengers Doomsday,reaction,,news_or_other,https://www.reddit.com/r/nfl/comments/1woic9m/schefter_giants_qb_jaxson_dart_is_out_for_the/pbnb5c0/
Imagining someone as mild-mannered and chill as Purdy pissed off is pretty scary,reaction,,news_or_other,https://www.reddit.com/r/nfl/comments/1woe7wy/highlight_brock_purdy_breaking_down_anticipation/pbnfor6/
"So like, trips right, TE wide, with an rb in the slot? Thats just a go to in madden",analysis,,news_or_other,https://www.reddit.com/r/nfl/comments/1woi1x2/highlight_panthers_formation_on_4th_and_goal/pbnisg6/
"Well, it’s good to have hope in something I guess",reaction,,news_or_other,https://www.reddit.com/r/nfl/comments/1woic9m/schefter_giants_qb_jaxson_dart_is_out_for_the/pbnl7kv/
Harbaugh has a perfect excuse for underperforming this year and it’s only week 2. He can’t keep getting away with this,hot_take,,news_or_other,https://www.reddit.com/r/nfl/comments/1woic9m/schefter_giants_qb_jaxson_dart_is_out_for_the/pbnfxzq/
"If he didn’t play football, this is the type of shit I expect him to do instead. Bro has MBA written all over him.",reaction,,news_or_other,https://www.reddit.com/r/nfl/comments/1wojo0k/highlight_raiders_qb_fernando_mendoza_posts_and/pbnnmyy/
am i dumb this looks fine why is everyone saying dirty. he’s gearing up to launch for the tackle then he starts to throw so he tries to adjust and go higher to try and swat the ball,analysis,,news_or_other,https://www.reddit.com/r/nfl/comments/1wo6yay/injury_possible_concussive_hit_on_bagent_near_end/pbnd3jj/
"To be fair, Lock will torch the Commies by just throwing to JSN all day, too. No risk this week, imo.",hot_take,,news_or_other,https://www.reddit.com/r/nfl/comments/1woj0jg/seahawks_darnold_on_a_good_track_to_play_vs/pbnfvfu/
"If anything, people are giving more respect because our offense didn't fall apart when Darnold went down.",analysis,,news_or_other,https://www.reddit.com/r/nfl/comments/1wocw2m/the_seattle_seahawks_have_not_lost_a_game_by_more/pbnpalc/
"Though it likely always will be ""flashy"" shouldn't be overvalued. If somebody put up Jerry Rice or Barry Sanders numbers but just didn't look flashy that shouldn't make half the voters say no because of the lack of flash.",analysis,,news_or_other,https://www.reddit.com/r/nfl/comments/1woauxg/travis_kelce_is_just_3_receptions_away_from/pbnh8tl/
Get fucking Szoboszlai as a kicker. He might actually be able to do 70 yards. The fucking pace on his long shots is ridiculous.,reaction,,news_or_other,https://www.reddit.com/r/nfl/comments/1wodqsu/england_captain_harry_kane_eyes_combining_mls/pbnnxrn/
I think he has a big man crush for Herbert ❤️,reaction,,news_or_other,https://www.reddit.com/r/nfl/comments/1wog3j5/jones_jim_harbaugh_drake_maye_among_those_under/pbnh56j/
I definitely take all my financial advice from 22 year old millionaires.,reaction,,news_or_other,https://www.reddit.com/r/nfl/comments/1wojo0k/highlight_raiders_qb_fernando_mendoza_posts_and/pbnkrj2/
"You know what must be done, John. Make the trade. 🐉🐉🐉",reaction,,news_or_other,https://www.reddit.com/r/nfl/comments/1woic9m/schefter_giants_qb_jaxson_dart_is_out_for_the/pbnb2eg/
Drew Lock has looked good and is backed by the best defense in the NFL by far. I'm sorry do you really think the Commanders are harder competition than the Seahawks with Drew Lock?,hot_take,,news_or_other,https://www.reddit.com/r/nfl/comments/1woj2xs/highlight_brandon_graham_on_the_2026_eagles/pbnnuca/
"Tom Brady vs the Jets: 31-7; 64% completion; 9,570 yards (average 252); 64 TDs 20 INTs; 7y/a; rating of 94.3",analysis,,news_or_other,https://www.reddit.com/r/nfl/comments/1woibj5/sacramento_bee_25th_anniversary_of_tom_brady/pbnc37p/
Well clearly they're not working. So next time there will be 3.,reaction,,news_or_other,https://www.reddit.com/r/nfl/comments/1woejjg/highlight_davante_adams_flexes_his_unlimited_taco/pbnpt0i/
i mean damn even rusty he's still that much of a threat,hot_take,,news_or_other,https://www.reddit.com/r/nfl/comments/1wojqjl/highlight_every_aaron_donald_snap_in_his_first/pbnlj3z/
"If I'm Brian Fleury, my #1 goal on every play is to get Mikey in 1 on 1 situations with JSN.",analysis,,news_or_other,https://www.reddit.com/r/nfl/comments/1woj0jg/seahawks_darnold_on_a_good_track_to_play_vs/pbnmvq9/
"Yep, we're dead last. Also, I had no idea the Falcons were that old.",hot_take,,news_or_other,https://www.reddit.com/r/nfl/comments/1wogegn/its_almost_week_3_and_the_49ers_are_already/pbnd138/
